T118,13 Jun 2024 14:00:16:000,526517.823046977,7502584.07464682
T118,13 Jun 2024 14:00:41:000,526335.081554121,7502584.38668375
T118,13 Jun 2024 14:01:05:000,526120.90541987,7502569.37561837
T118,13 Jun 2024 14:01:30:000,525889.58230343,7502545.16584743
T118,13 Jun 2024 14:01:55:000,525701.084679701,7502517.80674617
T118,13 Jun 2024 14:02:20:000,525698.00986945,7502385.59538592
T118,13 Jun 2024 14:02:44:000,525740.522346798,7502194.88702411
T118,13 Jun 2024 14:03:09:000,525800.165123532,7502004.14995803
T118,13 Jun 2024 14:03:34:000,525794.02938416,7501748.95148971
T118,13 Jun 2024 14:03:59:000,525796.623214416,7501592.13214997
T118,13 Jun 2024 14:04:24:000,525762.177166995,7501481.4965505
T118,13 Jun 2024 14:04:49:000,525807.695193999,7501383.02696034
T118,13 Jun 2024 14:05:13:000,525930.351678388,7501315.17623545
T118,13 Jun 2024 14:05:38:000,526101.517624113,7501231.86875394
T118,13 Jun 2024 14:06:03:000,526306.916397658,7501133.12715958
T118,13 Jun 2024 14:06:28:000,526418.185212274,7501086.81550222
T118,13 Jun 2024 14:06:52:000,526326.593218741,7500951.68010145
T118,13 Jun 2024 14:07:17:000,526092.205849621,7500789.11229337
T118,13 Jun 2024 14:07:42:000,525760.918206641,7500725.09632038
T118,13 Jun 2024 14:08:07:000,525441.053257898,7500661.05441752
T118,13 Jun 2024 14:08:32:000,525152.615600847,7500609.25404042
T118,13 Jun 2024 14:08:57:000,525107.090700612,7500704.64697026
T118,13 Jun 2024 14:09:21:000,525135.915133793,7500873.71458204
T135,13 Jun 2024 13:59:58:000,525924.615727866,7501299.81181646
T135,13 Jun 2024 14:00:24:000,525793.39913791,7501370.7515695
T135,13 Jun 2024 14:00:50:000,525742.206595388,7501490.75419095
T135,13 Jun 2024 14:01:14:000,525770.947333064,7501604.47413842
T135,13 Jun 2024 14:01:40:000,525768.35323756,7501761.29347144
T135,13 Jun 2024 14:02:06:000,525765.989399564,7502056.47853456
T135,13 Jun 2024 14:02:32:000,525680.842370627,7502364.10026312
T135,13 Jun 2024 14:02:57:000,525672.505950332,7502502.48016076
T135,13 Jun 2024 14:03:24:000,525806.80853433,7502563.75287305
T135,13 Jun 2024 14:03:49:000,525983.85975822,7502575.75588832
T135,13 Jun 2024 14:04:16:000,526240.886749815,7502602.99548164
T135,13 Jun 2024 14:04:42:000,526509.304441676,7502611.76245374
T135,13 Jun 2024 14:05:08:000,526849.020658976,7502571.20436018
T135,13 Jun 2024 14:05:34:000,527100.193067036,7502515.42006221
T135,13 Jun 2024 14:06:00:000,527148.463801702,7502361.59532451
T135,13 Jun 2024 14:06:26:000,527279.590487599,7502238.37256618
T135,13 Jun 2024 14:06:51:000,527439.414800365,7502198.11748367
T135,13 Jun 2024 14:07:17:000,527579.289853701,7502179.41993394
T135,13 Jun 2024 14:07:42:000,527490.645636343,7502105.78242587
T135,13 Jun 2024 14:08:07:000,527507.476409297,7501936.63828809
T135,13 Jun 2024 14:08:33:000,527458.752182885,7501832.1814989
T135,13 Jun 2024 14:08:58:000,527353.109930054,7501832.3686497
T135,13 Jun 2024 14:09:24:000,527353.109930054,7501832.3686497
T136,13 Jun 2024 14:00:07:000,518469.290493522,7500750.87191565
T136,13 Jun 2024 14:00:32:000,518457.910689291,7500784.7083059
T136,13 Jun 2024 14:00:57:000,518457.914341685,7500787.78310774
T136,13 Jun 2024 14:01:23:000,518457.914341685,7500787.78310774
T136,13 Jun 2024 14:01:50:000,518452.186081454,7500772.41588
T136,13 Jun 2024 14:02:15:000,518409.255457852,7500683.29741375
T136,13 Jun 2024 14:02:40:000,518414.837892113,7500575.67256419
T136,13 Jun 2024 14:03:05:000,518554.496060355,7500378.71876705
T136,13 Jun 2024 14:03:29:000,518714.260786074,7500286.28292339
T136,13 Jun 2024 14:03:55:000,518808.387143339,7500215.44867085
T136,13 Jun 2024 14:04:19:000,518791.082970551,7500070.95361902
T136,13 Jun 2024 14:04:44:000,518776.71200594,7499991.02596773
T136,13 Jun 2024 14:05:09:000,518782.139193544,7499757.33390255
T136,13 Jun 2024 14:05:34:000,518587.982692372,7499732.96892132
T136,13 Jun 2024 14:05:58:000,518422.400331779,7499730.09129971
T136,13 Jun 2024 14:06:23:000,518254.024619428,7499779.48693524
T136,13 Jun 2024 14:06:48:000,518174.014321418,7499715.00969077
T136,13 Jun 2024 14:07:13:000,518091.049706585,7499564.44077281
T136,13 Jun 2024 14:07:37:000,517925.373533815,7499478.53799711
T136,13 Jun 2024 14:08:02:000,517736.938442452,7499460.30523912
T136,13 Jun 2024 14:08:27:000,517625.683156889,7499531.15239233
T136,13 Jun 2024 14:08:52:000,517594.374635274,7499614.20773143
T136,13 Jun 2024 14:09:16:000,517580.257137435,7499752.59015505
T137,13 Jun 2024 14:00:10:000,526232.195658789,7502529.21498122
T137,13 Jun 2024 14:00:36:000,526235.050984337,7502529.21014154
T137,13 Jun 2024 14:01:01:000,526235.050984337,7502529.21014154
T137,13 Jun 2024 14:01:26:000,526235.077044137,7502544.58410477
T137,13 Jun 2024 14:01:51:000,526235.077044137,7502544.58410477
T137,13 Jun 2024 14:02:15:000,526235.077044137,7502544.58410477
T137,13 Jun 2024 14:02:40:000,526180.877815062,7502575.42389368
T137,13 Jun 2024 14:03:05:000,525972.402306519,7502554.25150862
T137,13 Jun 2024 14:03:30:000,525738.234557207,7502536.19383088
T137,13 Jun 2024 14:03:55:000,525721.102596575,7502536.22230602
T137,13 Jun 2024 14:04:20:000,525646.85900627,7502533.27068435
T137,13 Jun 2024 14:04:45:000,525444.115683634,7502524.38082705
T137,13 Jun 2024 14:05:10:000,525155.657964995,7502481.80497576
T137,13 Jun 2024 14:05:36:000,524818.627116501,7502417.77801731
T137,13 Jun 2024 14:06:00:000,524490.174698688,7502359.87969263
T137,13 Jun 2024 14:06:26:000,524198.853060401,7502308.06597151
T137,13 Jun 2024 14:06:51:000,524127.633798197,7502412.72031341
T137,13 Jun 2024 14:07:17:000,524124.826383557,7502443.47269571
T137,13 Jun 2024 14:07:43:000,524087.688235772,7502431.23128867
T137,13 Jun 2024 14:08:08:000,524084.832928676,7502431.23572855
T137,13 Jun 2024 14:08:33:000,524087.693017231,7502434.30608216
T137,13 Jun 2024 14:08:58:000,524139.088555138,7502434.22607339
T137,13 Jun 2024 14:09:23:000,524158.89346933,7502317.35275293
T138,13 Jun 2024 14:00:07:000,525731.879888236,7502148.77935555
T138,13 Jun 2024 14:00:31:000,525680.837269702,7502361.02546977
T138,13 Jun 2024 14:00:57:000,525669.665925687,7502511.70927426
T138,13 Jun 2024 14:01:21:000,525546.917514482,7502530.36113128
T138,13 Jun 2024 14:01:46:000,525272.75605834,7502500.06308831
T138,13 Jun 2024 14:02:11:000,524975.713505511,7502445.19865924
T138,13 Jun 2024 14:02:37:000,524758.641139228,7502402.50003424
T138,13 Jun 2024 14:03:02:000,524464.467340169,7502353.77071961
T138,13 Jun 2024 14:03:27:000,524121.731657654,7502289.73745694
T138,13 Jun 2024 14:03:53:000,523770.418889526,7502216.48529221
T138,13 Jun 2024 14:04:20:000,523436.245661065,7502146.2739637
T138,13 Jun 2024 14:04:45:000,523184.891291666,7502085.15606585
T138,13 Jun 2024 14:05:11:000,522959.204125245,7502002.47242705
T138,13 Jun 2024 14:05:36:000,522956.230475238,7501922.53197403
T138,13 Jun 2024 14:06:02:000,522927.546430588,7501833.40516392
T138,13 Jun 2024 14:06:27:000,522781.963082261,7501855.14347327
T138,13 Jun 2024 14:06:51:000,522759.148574624,7501873.62580759
T138,13 Jun 2024 14:07:17:000,522739.121550773,7501845.98198042
T138,13 Jun 2024 14:07:42:000,522739.121550773,7501845.98198042
T138,13 Jun 2024 14:08:07:000,522753.406569621,7501852.11062063
T138,13 Jun 2024 14:08:32:000,522827.659866621,7501864.30064106
T138,13 Jun 2024 14:08:58:000,522939.035482936,7501879.51020122
T138,13 Jun 2024 14:09:24:000,522964.946474885,7502023.98753316
T147,13 Jun 2024 14:00:08:000,526275.156041178,7502606.01214347
T147,13 Jun 2024 14:00:34:000,526609.220227557,7502599.29177381
T147,13 Jun 2024 14:00:58:000,526894.695306315,7502564.97543917
T147,13 Jun 2024 14:01:24:000,527145.878237498,7502515.33997767
T147,13 Jun 2024 14:01:49:000,527465.559796035,7502450.20492879
T147,13 Jun 2024 14:02:14:000,527725.382084086,7502443.59185623
T147,13 Jun 2024 14:02:40:000,528030.94482375,7502467.63958742
T147,13 Jun 2024 14:03:05:000,528247.954341696,7502470.31959505
T147,13 Jun 2024 14:03:31:000,528290.997785405,7502587.08342833
T147,13 Jun 2024 14:03:56:000,528345.266090123,7502596.20847749
T147,13 Jun 2024 14:04:21:000,528345.266090123,7502596.20847749
T147,13 Jun 2024 14:04:46:000,528382.391133629,7502599.21519815
T147,13 Jun 2024 14:05:10:000,528556.600883758,7502617.34333869
T147,13 Jun 2024 14:05:35:000,528551.06616064,7502712.67243403
T147,13 Jun 2024 14:06:00:000,528568.391428488,7502817.18371424
T147,13 Jun 2024 14:06:24:000,528625.499023622,7502817.07812218
T147,13 Jun 2024 14:06:49:000,528634.059470153,7502813.98747355
T147,13 Jun 2024 14:07:14:000,528665.497136338,7502829.30324705
T147,13 Jun 2024 14:07:39:000,528665.497136338,7502829.30324705
T147,13 Jun 2024 14:08:03:000,528665.497136338,7502829.30324705
T147,13 Jun 2024 14:08:29:000,528665.497136338,7502829.30324705
T147,13 Jun 2024 14:08:54:000,528665.497136338,7502829.30324705
T147,13 Jun 2024 14:09:18:000,528665.497136338,7502829.30324705
T1831,13 Jun 2024 13:59:57:000,518363.521235245,7500637.22942593
T1831,13 Jun 2024 14:00:22:000,518363.521235245,7500637.22942593
T1831,13 Jun 2024 14:00:47:000,518363.521235245,7500637.22942593
T1831,13 Jun 2024 14:01:11:000,518363.521235245,7500637.22942593
T1831,13 Jun 2024 14:01:36:000,518363.521235245,7500637.22942593
T1831,13 Jun 2024 14:02:01:000,518363.521235245,7500637.22942593
T1831,13 Jun 2024 14:02:26:000,518363.521235245,7500637.22942593
T1831,13 Jun 2024 14:02:50:000,518363.521235245,7500637.22942593
T1831,13 Jun 2024 14:03:16:000,518363.521235245,7500637.22942593
T1831,13 Jun 2024 14:03:40:000,518360.684425553,7500652.60681125
T1831,13 Jun 2024 14:04:05:000,518440.707701818,7500723.23260505
T1831,13 Jun 2024 14:04:30:000,518466.439152502,7500753.95011074
T1831,13 Jun 2024 14:04:55:000,518489.257165913,7500735.47413893
T1831,13 Jun 2024 14:05:19:000,518500.677134869,7500735.46054617
T1831,13 Jun 2024 14:05:44:000,518500.677134869,7500735.46054617
T1831,13 Jun 2024 14:06:09:000,518494.967150394,7500735.46734361
T1831,13 Jun 2024 14:06:34:000,518466.406265651,7500726.27689286
T1831,13 Jun 2024 14:06:58:000,518389.24510976,7500661.79746023
T1831,13 Jun 2024 14:07:23:000,518451.879381379,7500514.13248421
T1831,13 Jun 2024 14:07:49:000,518605.836857275,7500338.68487437
T1831,13 Jun 2024 14:08:15:000,518757.091837541,7500292.38088696
T1831,13 Jun 2024 14:08:40:000,518816.843822995,7500126.26899101
T1831,13 Jun 2024 14:09:04:000,519039.328361693,7499966.1078434
T223,13 Jun 2024 14:00:16:000,522364.775616535,7501628.21562702
T223,13 Jun 2024 14:00:42:000,522515.95604108,7501529.60305523
T223,13 Jun 2024 14:01:07:000,522718.616838936,7501492.40968229
T223,13 Jun 2024 14:01:32:000,522838.255991103,7501304.67078981
T223,13 Jun 2024 14:01:58:000,522929.500817266,7501224.59113382
T223,13 Jun 2024 14:02:22:000,523115.053650728,7501205.8666344
T223,13 Jun 2024 14:02:47:000,523174.752775982,7501033.58837207
T223,13 Jun 2024 14:03:12:000,522977.809255142,7501070.77932673
T223,13 Jun 2024 14:03:38:000,522740.92100184,7501126.47524242
T223,13 Jun 2024 14:04:02:000,522638.156656705,7501138.92490623
T223,13 Jun 2024 14:04:29:000,522589.669821636,7501172.81850451
T223,13 Jun 2024 14:04:55:000,522569.626106627,7501132.87523967
T223,13 Jun 2024 14:05:20:000,522563.911499741,7501129.80875486
T223,13 Jun 2024 14:05:46:000,522563.911499741,7501129.80875486
T223,13 Jun 2024 14:06:13:000,522563.911499741,7501129.80875486
T223,13 Jun 2024 14:06:39:000,522563.911499741,7501129.80875486
T223,13 Jun 2024 14:07:04:000,522563.911499741,7501129.80875486
T223,13 Jun 2024 14:07:30:000,522563.911499741,7501129.80875486
T223,13 Jun 2024 14:07:56:000,522563.911499741,7501129.80875486
T223,13 Jun 2024 14:08:21:000,522563.911499741,7501129.80875486
T223,13 Jun 2024 14:08:48:000,522601.045276256,7501142.0538717
T223,13 Jun 2024 14:09:14:000,522709.542328774,7501144.97008311
T284,13 Jun 2024 13:59:58:000,517800.158424111,7499823.06060432
T284,13 Jun 2024 14:00:23:000,517754.463708854,7499807.73880157
T284,13 Jun 2024 14:00:50:000,517665.953818863,7499798.61518336
T284,13 Jun 2024 14:01:15:000,517594.513790152,7499737.19998163
T284,13 Jun 2024 14:01:41:000,517605.828581305,7499644.9428716
T284,13 Jun 2024 14:02:06:000,517625.711037807,7499555.75084585
T284,13 Jun 2024 14:02:31:000,517699.861628384,7499491.09559629
T284,13 Jun 2024 14:02:56:000,517791.189340288,7499469.46769171
T284,13 Jun 2024 14:03:22:000,517951.101862068,7499509.256418
T284,13 Jun 2024 14:03:48:000,518053.926928958,7499555.25950088
T284,13 Jun 2024 14:04:14:000,518102.544001118,7499628.99840847
T284,13 Jun 2024 14:04:39:000,518156.88550818,7499715.02970913
T284,13 Jun 2024 14:05:05:000,518202.684776721,7499819.51967207
T284,13 Jun 2024 14:05:32:000,518316.816035491,7499767.11382037
T284,13 Jun 2024 14:05:59:000,518411.002968937,7499748.55366551
T284,13 Jun 2024 14:06:25:000,518502.382463689,7499769.96880105
T284,13 Jun 2024 14:06:52:000,518602.271444115,7499745.25106035
T284,13 Jun 2024 14:07:19:000,518753.591094841,7499757.36838944
T284,13 Jun 2024 14:07:46:000,518782.343647581,7499926.44817159
T284,13 Jun 2024 14:08:13:000,518671.215451044,7500101.84622223
T284,13 Jun 2024 14:08:39:000,518417.361229417,7500295.86210129
T284,13 Jun 2024 14:09:07:000,518272.010233914,7500508.19539772
T285,13 Jun 2024 14:00:10:000,517748.778638732,7499829.26895974
T285,13 Jun 2024 14:00:35:000,517777.330390974,7499832.31115092
T285,13 Jun 2024 14:01:01:000,517800.137302925,7499804.61177051
T285,13 Jun 2024 14:01:26:000,517811.58123656,7499826.12233223
T285,13 Jun 2024 14:01:52:000,517814.439582688,7499829.19386706
T285,13 Jun 2024 14:02:17:000,517814.439582688,7499829.19386706
T285,13 Jun 2024 14:02:42:000,517814.439582688,7499829.19386706
T285,13 Jun 2024 14:03:08:000,517788.735616219,7499819.99886786
T285,13 Jun 2024 14:03:32:000,517728.770331876,7499807.76811849
T285,13 Jun 2024 14:03:57:000,517640.249992561,7499789.41993434
T285,13 Jun 2024 14:04:22:000,517594.482480104,7499709.52672682
T285,13 Jun 2024 14:04:48:000,517608.652035232,7499617.26638169
T285,13 Jun 2024 14:05:14:000,517645.659555719,7499524.98011587
T285,13 Jun 2024 14:05:40:000,517742.669003738,7499478.74756641
T285,13 Jun 2024 14:06:06:000,517868.27836896,7499478.60372166
T285,13 Jun 2024 14:06:31:000,518008.225635755,7499533.78883647
T285,13 Jun 2024 14:06:56:000,518085.365200065,7499585.97106054
T285,13 Jun 2024 14:07:21:000,518131.149248711,7499678.16203096
T285,13 Jun 2024 14:07:45:000,518171.224223231,7499770.35952982
T285,13 Jun 2024 14:08:11:000,518268.316761196,7499794.84419101
T285,13 Jun 2024 14:08:36:000,518362.467593484,7499745.53628008
T285,13 Jun 2024 14:09:01:000,518453.836048386,7499757.72728929
T293,13 Jun 2024 14:00:13:000,518178.419034725,7501040.24663057
T293,13 Jun 2024 14:00:38:000,518178.419034725,7501040.24663057
T293,13 Jun 2024 14:01:03:000,518178.419034725,7501040.24663057
T293,13 Jun 2024 14:01:28:000,518178.419034725,7501040.24663057
T293,13 Jun 2024 14:01:53:000,518178.419034725,7501040.24663057
T293,13 Jun 2024 14:02:18:000,518178.419034725,7501040.24663057
T293,13 Jun 2024 14:02:43:000,518178.419034725,7501040.24663057
T293,13 Jun 2024 14:03:09:000,518178.419034725,7501040.24663057
T293,13 Jun 2024 14:03:33:000,518178.419034725,7501040.24663057
T293,13 Jun 2024 14:03:58:000,518178.419034725,7501040.24663057
T293,13 Jun 2024 14:04:23:000,518178.419034725,7501040.24663057
T293,13 Jun 2024 14:04:48:000,518178.419034725,7501040.24663057
T293,13 Jun 2024 14:05:13:000,518178.419034725,7501040.24663057
T293,13 Jun 2024 14:05:38:000,518178.419034725,7501040.24663057
T293,13 Jun 2024 14:06:04:000,518178.419034725,7501040.24663057
T293,13 Jun 2024 14:06:29:000,518178.419034725,7501040.24663057
T293,13 Jun 2024 14:06:54:000,518178.419034725,7501040.24663057
T293,13 Jun 2024 14:07:20:000,518178.419034725,7501040.24663057
T293,13 Jun 2024 14:07:45:000,518178.419034725,7501040.24663057
T293,13 Jun 2024 14:08:10:000,518178.419034725,7501040.24663057
T293,13 Jun 2024 14:08:35:000,518178.419034725,7501040.24663057
T293,13 Jun 2024 14:09:00:000,518178.419034725,7501040.24663057
T293,13 Jun 2024 14:09:25:000,518178.419034725,7501040.24663057
T295,13 Jun 2024 14:00:03:000,522416.97771525,7502187.7542451
T295,13 Jun 2024 14:00:28:000,522416.97771525,7502187.7542451
T295,13 Jun 2024 14:00:53:000,522416.97771525,7502187.7542451
T295,13 Jun 2024 14:01:18:000,522416.97771525,7502187.7542451
T295,13 Jun 2024 14:01:43:000,522416.97771525,7502187.7542451
T295,13 Jun 2024 14:02:08:000,522416.97771525,7502187.7542451
T295,13 Jun 2024 14:02:33:000,522416.97771525,7502187.7542451
T295,13 Jun 2024 14:02:58:000,522416.97771525,7502187.7542451
T295,13 Jun 2024 14:03:23:000,522416.97771525,7502187.7542451
T295,13 Jun 2024 14:03:49:000,522416.97771525,7502187.7542451
T295,13 Jun 2024 14:04:14:000,522416.97771525,7502187.7542451
T295,13 Jun 2024 14:04:39:000,522416.97771525,7502187.7542451
T295,13 Jun 2024 14:05:06:000,522416.97771525,7502187.7542451
T295,13 Jun 2024 14:05:31:000,522416.97771525,7502187.7542451
T295,13 Jun 2024 14:05:56:000,522416.97771525,7502187.7542451
T295,13 Jun 2024 14:06:22:000,522416.97771525,7502187.7542451
T295,13 Jun 2024 14:06:47:000,522416.97771525,7502187.7542451
T295,13 Jun 2024 14:07:12:000,522416.97771525,7502187.7542451
T295,13 Jun 2024 14:07:39:000,522416.97771525,7502187.7542451
T295,13 Jun 2024 14:08:05:000,522416.97771525,7502187.7542451
T295,13 Jun 2024 14:08:30:000,522416.97771525,7502187.7542451
T295,13 Jun 2024 14:08:55:000,522416.97771525,7502187.7542451
T295,13 Jun 2024 14:09:21:000,522416.97771525,7502187.7542451
T300,13 Jun 2024 14:00:02:000,528828.63286015,7501500.68450483
T300,13 Jun 2024 14:00:26:000,528828.63286015,7501500.68450483
T300,13 Jun 2024 14:00:52:000,528842.908533653,7501500.65788217
T300,13 Jun 2024 14:01:17:000,528945.739432683,7501525.06417438
T300,13 Jun 2024 14:01:42:000,528954.304850532,7501525.04813697
T300,13 Jun 2024 14:02:08:000,528954.304850532,7501525.04813697
T300,13 Jun 2024 14:02:33:000,529028.538471925,7501524.90894557
T300,13 Jun 2024 14:02:59:000,529028.538471925,7501524.90894557
T300,13 Jun 2024 14:03:24:000,529028.538471925,7501524.90894557
T300,13 Jun 2024 14:03:49:000,529028.538471925,7501524.90894557
T300,13 Jun 2024 14:04:14:000,529028.538471925,7501524.90894557
T300,13 Jun 2024 14:04:39:000,528999.964010669,7501512.66333941
T300,13 Jun 2024 14:05:04:000,529002.784541577,7501494.20920793
T300,13 Jun 2024 14:05:28:000,529002.784541577,7501494.20920793
T300,13 Jun 2024 14:05:54:000,529002.784541577,7501494.20920793
T300,13 Jun 2024 14:06:19:000,529002.784541577,7501494.20920793
T300,13 Jun 2024 14:06:44:000,528982.827425039,7501509.62066451
T300,13 Jun 2024 14:07:09:000,528874.269080039,7501476.00089696
T300,13 Jun 2024 14:07:35:000,528697.302370353,7501504.00360559
T300,13 Jun 2024 14:08:01:000,528491.766621697,7501522.83251245
T300,13 Jun 2024 14:08:27:000,528366.106678648,7501504.61468168
T300,13 Jun 2024 14:08:52:000,528271.881593463,7501501.71241886
T300,13 Jun 2024 14:09:17:000,528137.667885651,7501489.65796398
T303,13 Jun 2024 14:00:12:000,529031.393611211,7501524.90358487
T303,13 Jun 2024 14:00:37:000,529031.393611211,7501524.90358487
T303,13 Jun 2024 14:01:02:000,529017.123685322,7501528.00517897
T303,13 Jun 2024 14:01:26:000,529002.830683016,7501518.80757598
T303,13 Jun 2024 14:01:51:000,529011.407636216,7501524.94109857
T303,13 Jun 2024 14:02:16:000,529002.790309261,7501497.28400398
T303,13 Jun 2024 14:02:41:000,529002.790309261,7501497.28400398
T303,13 Jun 2024 14:03:05:000,529002.790309261,7501497.28400398
T303,13 Jun 2024 14:03:30:000,529002.790309261,7501497.28400398
T303,13 Jun 2024 14:03:55:000,529002.790309261,7501497.28400398
T303,13 Jun 2024 14:04:20:000,528968.545982129,7501506.57262147
T303,13 Jun 2024 14:04:44:000,528854.283169204,7501476.03820592
T303,13 Jun 2024 14:05:09:000,528674.472691809,7501510.1955705
T303,13 Jun 2024 14:05:34:000,528477.485265848,7501519.78401211
T303,13 Jun 2024 14:05:59:000,528366.106678648,7501504.61468168
T303,13 Jun 2024 14:06:23:000,528283.30213228,7501501.69153658
T303,13 Jun 2024 14:06:49:000,528171.935075683,7501492.67038764
T303,13 Jun 2024 14:07:13:000,528006.259412707,7501449.92399884
T303,13 Jun 2024 14:07:38:000,527914.573540841,7501271.75096921
T303,13 Jun 2024 14:08:03:000,527674.657809129,7501222.9851956
T303,13 Jun 2024 14:08:28:000,527343.381264724,7501174.37743112
T303,13 Jun 2024 14:08:52:000,527009.262514981,7501131.917086
T303,13 Jun 2024 14:09:17:000,526698.028542486,7501114.00844311
T304,13 Jun 2024 14:00:08:000,527250.3607846,7501854.07360807
T304,13 Jun 2024 14:00:33:000,527258.937220055,7501860.20810795
T304,13 Jun 2024 14:00:58:000,527259.040155498,7501918.62920827
T304,13 Jun 2024 14:01:23:000,527247.635553293,7501927.87371094
T304,13 Jun 2024 14:01:48:000,527247.635553293,7501927.87371094
T304,13 Jun 2024 14:02:13:000,527247.635553293,7501927.87371094
T304,13 Jun 2024 14:02:38:000,527247.635553293,7501927.87371094
T304,13 Jun 2024 14:03:03:000,527247.635553293,7501927.87371094
T304,13 Jun 2024 14:03:28:000,527247.635553293,7501927.87371094
T304,13 Jun 2024 14:03:53:000,527247.635553293,7501927.87371094
T304,13 Jun 2024 14:04:19:000,527247.635553293,7501927.87371094
T304,13 Jun 2024 14:04:45:000,527247.635553293,7501927.87371094
T304,13 Jun 2024 14:05:12:000,527310.319985455,7501853.96787863
T304,13 Jun 2024 14:05:38:000,527461.640128852,7501850.62520007
T304,13 Jun 2024 14:06:05:000,527490.312332232,7501918.21997299
T304,13 Jun 2024 14:06:30:000,527444.868952708,7502053.59203983
T304,13 Jun 2024 14:06:56:000,527544.966501915,7502145.65824789
T304,13 Jun 2024 14:07:22:000,527485.082638463,7502188.81200622
T304,13 Jun 2024 14:07:47:000,527399.397537081,7502173.58998163
T304,13 Jun 2024 14:08:12:000,527305.211957936,7502195.28012349
T304,13 Jun 2024 14:08:38:000,527236.777652297,7502247.67240448
T304,13 Jun 2024 14:09:04:000,527174.06424597,7502306.20393442
T40,13 Jun 2024 14:00:12:000,524587.503652285,7502516.54033239
T40,13 Jun 2024 14:00:37:000,524767.354575936,7502494.73013421
T40,13 Jun 2024 14:01:01:000,524844.453120509,7502497.68143286
T40,13 Jun 2024 14:01:27:000,524918.711219619,7502509.8613181
T40,13 Jun 2024 14:01:52:000,524927.27718495,7502509.8475311
T40,13 Jun 2024 14:02:16:000,524927.27718495,7502509.8475311
T40,13 Jun 2024 14:02:41:000,524935.84810176,7502512.90853231
T40,13 Jun 2024 14:03:07:000,524941.558746453,7502512.89933513
T40,13 Jun 2024 14:03:32:000,524961.585655942,7502537.46547176
T40,13 Jun 2024 14:03:56:000,524961.59556921,7502543.61505754
T40,13 Jun 2024 14:04:21:000,524961.59556921,7502543.61505754
T40,13 Jun 2024 14:04:46:000,524961.59556921,7502543.61505754
T40,13 Jun 2024 14:05:13:000,524961.59556921,7502543.61505754
T40,13 Jun 2024 14:05:38:000,524955.924556975,7502568.22260486
T40,13 Jun 2024 14:06:03:000,524955.939423432,7502577.44698319
T40,13 Jun 2024 14:06:28:000,524938.871793869,7502617.44688945
T40,13 Jun 2024 14:06:54:000,524918.889349218,7502620.55385935
T40,13 Jun 2024 14:07:19:000,524924.639627455,7502645.14300912
T40,13 Jun 2024 14:07:45:000,524924.639627455,7502645.14300912
T40,13 Jun 2024 14:08:09:000,524927.475175401,7502632.83924267
T40,13 Jun 2024 14:08:35:000,524958.859186525,7502617.41468612
T40,13 Jun 2024 14:09:01:000,524975.81269556,7502506.69452139
T41,13 Jun 2024 13:59:57:000,518473.801441637,7499742.32951811
T41,13 Jun 2024 14:00:23:000,518296.817872888,7499754.83813778
T41,13 Jun 2024 14:00:48:000,518185.480298093,7499754.96880796
T41,13 Jun 2024 14:01:13:000,518111.072533927,7499598.24037102
T41,13 Jun 2024 14:01:38:000,517971.074546265,7499500.00891071
T41,13 Jun 2024 14:02:02:000,517779.752733776,7499454.10671925
T41,13 Jun 2024 14:02:27:000,517645.635131926,7499503.45646843
T41,13 Jun 2024 14:02:52:000,517605.748515232,7499574.22232267
T41,13 Jun 2024 14:03:17:000,517585.848532758,7499648.04028933
T41,13 Jun 2024 14:03:41:000,517583.115423501,7499755.66173343
T41,13 Jun 2024 14:04:06:000,517660.261643442,7499813.99569774
T41,13 Jun 2024 14:04:31:000,517665.974778426,7499817.06401785
T41,13 Jun 2024 14:04:56:000,517665.974778426,7499817.06401785
T41,13 Jun 2024 14:05:20:000,517665.974778426,7499817.06401785
T41,13 Jun 2024 14:05:45:000,517665.974778426,7499817.06401785
T41,13 Jun 2024 14:06:10:000,517665.974778426,7499817.06401785
T41,13 Jun 2024 14:06:35:000,517665.974778426,7499817.06401785
T41,13 Jun 2024 14:07:00:000,517665.974778426,7499817.06401785
T41,13 Jun 2024 14:07:25:000,517665.974778426,7499817.06401785
T41,13 Jun 2024 14:07:49:000,517665.974778426,7499817.06401785
T41,13 Jun 2024 14:08:14:000,517665.974778426,7499817.06401785
T41,13 Jun 2024 14:08:39:000,517665.974778426,7499817.06401785
T41,13 Jun 2024 14:09:04:000,517665.974778426,7499817.06401785
T42,13 Jun 2024 14:00:16:000,524110.607269118,7502480.39244499
T42,13 Jun 2024 14:00:42:000,524093.456241196,7502468.11992851
T42,13 Jun 2024 14:01:06:000,524067.748860587,7502462.01029118
T42,13 Jun 2024 14:01:32:000,524067.748860587,7502462.01029118
T42,13 Jun 2024 14:01:57:000,524082.034985333,7502468.13768913
T42,13 Jun 2024 14:02:23:000,524144.794377538,7502431.14237942
T42,13 Jun 2024 14:02:48:000,524184.605445129,7502326.53703228
T42,13 Jun 2024 14:03:13:000,524355.96621758,7502353.94172728
T42,13 Jun 2024 14:03:38:000,524504.490088186,7502384.45545922
T42,13 Jun 2024 14:04:03:000,524775.817224773,7502430.14577448
T42,13 Jun 2024 14:04:27:000,525004.311289976,7502472.82571621
T42,13 Jun 2024 14:04:52:000,525324.20211143,7502530.7270369
T42,13 Jun 2024 14:05:17:000,525632.612922193,7502551.7430863
T42,13 Jun 2024 14:05:41:000,525889.628587606,7502572.83898109
T42,13 Jun 2024 14:06:06:000,526092.388373082,7502590.94732636
T42,13 Jun 2024 14:06:31:000,526357.97136989,7502612.02092995
T42,13 Jun 2024 14:06:56:000,526686.303766596,7502593.00943603
T42,13 Jun 2024 14:07:20:000,526960.357235238,7502558.71157017
T42,13 Jun 2024 14:07:45:000,527319.971506597,7502468.91151685
T42,13 Jun 2024 14:08:10:000,527642.57260146,7502440.66524599
T42,13 Jun 2024 14:08:35:000,527936.702785365,7502458.58567295
T42,13 Jun 2024 14:08:59:000,528185.143013033,7502473.5089834
T42,13 Jun 2024 14:09:24:000,528262.326430442,7502522.56498875
T43,13 Jun 2024 14:00:05:000,518402.434902755,7499745.48900418
T43,13 Jun 2024 14:00:31:000,518493.818026728,7499769.97899629
T43,13 Jun 2024 14:00:58:000,518593.710700571,7499748.33611675
T43,13 Jun 2024 14:01:22:000,518725.024466724,7499742.02879688
T43,13 Jun 2024 14:01:48:000,518796.536009394,7499858.78520415
T43,13 Jun 2024 14:02:13:000,518728.209149749,7500015.68298293
T43,13 Jun 2024 14:02:38:000,518788.254132317,7500092.48070029
T43,13 Jun 2024 14:03:02:000,518788.410313958,7500221.6224598
T43,13 Jun 2024 14:03:28:000,518697.116533981,7500274.00433341
T43,13 Jun 2024 14:03:53:000,518574.432756241,7500338.7224479
T43,13 Jun 2024 14:04:18:000,518429.043419759,7500517.23439061
T43,13 Jun 2024 14:04:42:000,518363.521235245,7500637.22942593
T43,13 Jun 2024 14:05:08:000,518363.521235245,7500637.22942593
T43,13 Jun 2024 14:05:33:000,518363.521235245,7500637.22942593
T43,13 Jun 2024 14:05:57:000,518363.521235245,7500637.22942593
T43,13 Jun 2024 14:06:22:000,518363.521235245,7500637.22942593
T43,13 Jun 2024 14:06:47:000,518363.521235245,7500637.22942593
T43,13 Jun 2024 14:07:12:000,518363.521235245,7500637.22942593
T43,13 Jun 2024 14:07:37:000,518363.521235245,7500637.22942593
T43,13 Jun 2024 14:08:02:000,518363.521235245,7500637.22942593
T43,13 Jun 2024 14:08:27:000,518363.521235245,7500637.22942593
T43,13 Jun 2024 14:08:52:000,518363.521235245,7500637.22942593
T43,13 Jun 2024 14:09:16:000,518363.521235245,7500637.22942593
T436,13 Jun 2024 14:00:12:000,524573.007492052,7502378.19729294
T436,13 Jun 2024 14:00:37:000,524541.769759391,7502485.8648643
T436,13 Jun 2024 14:01:02:000,524670.288425999,7502504.1094737
T436,13 Jun 2024 14:01:26:000,524833.031842485,7502497.69975279
T436,13 Jun 2024 14:01:51:000,524881.582155232,7502503.77142044
T436,13 Jun 2024 14:02:16:000,524881.582155232,7502503.77142044
T436,13 Jun 2024 14:02:41:000,524890.148117155,7502503.75765418
T436,13 Jun 2024 14:03:05:000,524895.863701904,7502506.82326704
T436,13 Jun 2024 14:03:30:000,524910.140307948,7502506.80030731
T436,13 Jun 2024 14:03:55:000,524927.27718495,7502509.8475311
T436,13 Jun 2024 14:04:20:000,524927.27718495,7502509.8475311
T436,13 Jun 2024 14:04:45:000,524927.27718495,7502509.8475311
T436,13 Jun 2024 14:05:10:000,524927.27718495,7502509.8475311
T436,13 Jun 2024 14:05:36:000,524935.84810176,7502512.90853231
T436,13 Jun 2024 14:06:00:000,524955.845269157,7502519.02591881
T436,13 Jun 2024 14:06:25:000,524961.59556921,7502543.61505754
T436,13 Jun 2024 14:06:50:000,524953.098953804,7502586.67596296
T436,13 Jun 2024 14:07:15:000,524953.098953804,7502586.67596296
T436,13 Jun 2024 14:07:40:000,524953.098953804,7502586.67596296
T436,13 Jun 2024 14:08:06:000,524953.098953804,7502586.67596296
T436,13 Jun 2024 14:08:31:000,524953.098953804,7502586.67596296
T436,13 Jun 2024 14:08:56:000,524927.455376376,7502620.54007228
T436,13 Jun 2024 14:09:22:000,524904.607692097,7502617.50203455
T437,13 Jun 2024 14:00:09:000,518258.526581718,7501181.59375941
T437,13 Jun 2024 14:00:35:000,518258.526581718,7501181.59375941
T437,13 Jun 2024 14:01:00:000,518258.526581718,7501181.59375941
T437,13 Jun 2024 14:01:25:000,518258.526581718,7501181.59375941
T437,13 Jun 2024 14:01:49:000,518258.526581718,7501181.59375941
T437,13 Jun 2024 14:02:14:000,518258.526581718,7501181.59375941
T437,13 Jun 2024 14:02:39:000,518258.526581718,7501181.59375941
T437,13 Jun 2024 14:03:04:000,518258.526581718,7501181.59375941
T437,13 Jun 2024 14:03:28:000,518258.526581718,7501181.59375941
T437,13 Jun 2024 14:03:53:000,518258.526581718,7501181.59375941
T437,13 Jun 2024 14:04:18:000,518258.526581718,7501181.59375941
T437,13 Jun 2024 14:04:43:000,518258.526581718,7501181.59375941
T437,13 Jun 2024 14:05:07:000,518258.526581718,7501181.59375941
T437,13 Jun 2024 14:05:32:000,518258.526581718,7501181.59375941
T437,13 Jun 2024 14:05:58:000,518258.526581718,7501181.59375941
T437,13 Jun 2024 14:06:24:000,518258.526581718,7501181.59375941
T437,13 Jun 2024 14:06:50:000,518258.526581718,7501181.59375941
T437,13 Jun 2024 14:07:14:000,518258.526581718,7501181.59375941
T437,13 Jun 2024 14:07:40:000,518258.526581718,7501181.59375941
T437,13 Jun 2024 14:08:05:000,518258.526581718,7501181.59375941
T437,13 Jun 2024 14:08:31:000,518258.526581718,7501181.59375941
T437,13 Jun 2024 14:08:57:000,518258.526581718,7501181.59375941
T437,13 Jun 2024 14:09:22:000,518258.526581718,7501181.59375941
T438,13 Jun 2024 14:00:07:000,520554.96359912,7499745.86360577
T438,13 Jun 2024 14:00:32:000,520554.96359912,7499745.86360577
T438,13 Jun 2024 14:00:56:000,520586.346080842,7499730.44795302
T438,13 Jun 2024 14:01:21:000,520594.906412609,7499727.36178354
T438,13 Jun 2024 14:01:46:000,520594.906412609,7499727.36178354
T438,13 Jun 2024 14:02:11:000,520594.906412609,7499727.36178354
T438,13 Jun 2024 14:02:36:000,520594.906412609,7499727.36178354
T438,13 Jun 2024 14:03:01:000,520594.906412609,7499727.36178354
T438,13 Jun 2024 14:03:25:000,520594.906412609,7499727.36178354
T438,13 Jun 2024 14:03:50:000,520594.906412609,7499727.36178354
T438,13 Jun 2024 14:04:15:000,520594.906412609,7499727.36178354
T438,13 Jun 2024 14:04:40:000,520594.906412609,7499727.36178354
T438,13 Jun 2024 14:05:06:000,520594.906412609,7499727.36178354
T438,13 Jun 2024 14:05:30:000,520594.906412609,7499727.36178354
T438,13 Jun 2024 14:05:55:000,520594.906412609,7499727.36178354
T438,13 Jun 2024 14:06:20:000,520594.906412609,7499727.36178354
T438,13 Jun 2024 14:06:45:000,520594.906412609,7499727.36178354
T438,13 Jun 2024 14:07:10:000,520594.906412609,7499727.36178354
T438,13 Jun 2024 14:07:35:000,520594.906412609,7499727.36178354
T438,13 Jun 2024 14:08:00:000,520594.906412609,7499727.36178354
T438,13 Jun 2024 14:08:26:000,520594.906412609,7499727.36178354
T438,13 Jun 2024 14:08:53:000,520594.906412609,7499727.36178354
T438,13 Jun 2024 14:09:18:000,520594.906412609,7499727.36178354
T439,13 Jun 2024 14:00:12:000,517322.091568928,7498645.9475463
T439,13 Jun 2024 14:00:37:000,517225.096336811,7498701.40189472
T439,13 Jun 2024 14:01:03:000,517202.37502412,7498805.97069355
T439,13 Jun 2024 14:01:27:000,517142.529364646,7498898.28114483
T439,13 Jun 2024 14:01:53:000,517059.845642239,7498990.61641131
T439,13 Jun 2024 14:02:17:000,517054.146417564,7498999.84709719
T439,13 Jun 2024 14:02:43:000,517037.011667739,7498993.71624315
T439,13 Jun 2024 14:03:07:000,517037.011667739,7498993.71624315
T439,13 Jun 2024 14:03:32:000,517079.828315749,7498990.5944884
T439,13 Jun 2024 14:03:57:000,517179.633028878,7498892.09059176
T439,13 Jun 2024 14:04:22:000,517236.559079317,7498741.36177538
T439,13 Jun 2024 14:04:47:000,517339.246607464,7498670.52694406
T439,13 Jun 2024 14:05:12:000,517576.206851593,7498694.8594884
T439,13 Jun 2024 14:05:37:000,517761.795280165,7498728.47157039
T439,13 Jun 2024 14:06:02:000,517933.143317864,7498789.77115184
T439,13 Jun 2024 14:06:27:000,518030.068783122,7498675.89095095
T439,13 Jun 2024 14:06:52:000,518212.835782962,7498737.17415735
T439,13 Jun 2024 14:07:17:000,518569.832285338,7498878.19308983
T439,13 Jun 2024 14:07:42:000,518932.533458804,7499009.97228266
T439,13 Jun 2024 14:08:09:000,519286.707332705,7499166.35194641
T439,13 Jun 2024 14:08:34:000,519418.350331341,7499427.5468472
T439,13 Jun 2024 14:09:00:000,519341.658917585,7499738.19838864
T439,13 Jun 2024 14:09:25:000,519273.280942828,7499848.97654175
T44,13 Jun 2024 13:59:55:000,524855.879333978,7502500.73789748
T44,13 Jun 2024 14:00:20:000,524855.879333978,7502500.73789748
T44,13 Jun 2024 14:00:45:000,524881.582155232,7502503.77142044
T44,13 Jun 2024 14:01:10:000,524938.703424109,7502512.90393398
T44,13 Jun 2024 14:01:35:000,524961.59556921,7502543.61505754
T44,13 Jun 2024 14:02:00:000,524961.59556921,7502543.61505754
T44,13 Jun 2024 14:02:26:000,524961.59556921,7502543.61505754
T44,13 Jun 2024 14:02:51:000,524958.755109325,7502552.84403871
T44,13 Jun 2024 14:03:16:000,524953.08904398,7502580.52637748
T44,13 Jun 2024 14:03:42:000,524953.08904398,7502580.52637748
T44,13 Jun 2024 14:04:07:000,524953.098953804,7502586.67596296
T44,13 Jun 2024 14:04:33:000,524953.098953804,7502586.67596296
T44,13 Jun 2024 14:04:57:000,524953.098953804,7502586.67596296
T44,13 Jun 2024 14:05:23:000,524956.003844718,7502617.41928819
T44,13 Jun 2024 14:05:47:000,524958.874054686,7502626.63906394
T44,13 Jun 2024 14:06:12:000,524938.921314323,7502648.19481519
T44,13 Jun 2024 14:06:37:000,524938.921314323,7502648.19481519
T44,13 Jun 2024 14:07:02:000,524944.612196632,7502635.88644672
T44,13 Jun 2024 14:07:26:000,524975.956520922,7502595.86351395
T44,13 Jun 2024 14:07:51:000,524921.53684966,7502491.40796476
T44,13 Jun 2024 14:08:16:000,524687.381136688,7502479.48382744
T44,13 Jun 2024 14:08:41:000,524564.553772881,7502448.93113089
T44,13 Jun 2024 14:09:05:000,524504.451167807,7502359.85711054
T440,13 Jun 2024 14:00:16:000,528540.315329545,7501528.89259979
T440,13 Jun 2024 14:00:42:000,528388.953405396,7501507.64756424
T440,13 Jun 2024 14:01:09:000,528303.288075209,7501501.65497214
T440,13 Jun 2024 14:01:34:000,528211.912546564,7501495.6723191
T440,13 Jun 2024 14:02:00:000,528026.273146701,7501465.26177644
T440,13 Jun 2024 14:02:25:000,527943.185566505,7501305.52217699
T440,13 Jun 2024 14:02:50:000,527717.495068359,7501229.05810463
T440,13 Jun 2024 14:03:15:000,527391.933847954,7501183.51595287
T440,13 Jun 2024 14:03:40:000,527043.534050506,7501138.00682948
T440,13 Jun 2024 14:04:05:000,526715.164223965,7501117.05367237
T440,13 Jun 2024 14:04:30:000,526543.849915278,7501111.19889801
T440,13 Jun 2024 14:04:55:000,526406.754490094,7501080.68539995
T440,13 Jun 2024 14:05:19:000,526301.169684685,7501111.613283
T440,13 Jun 2024 14:05:44:000,526132.83008816,7501176.46940261
T440,13 Jun 2024 14:06:09:000,525961.711351803,7501287.45041316
T440,13 Jun 2024 14:06:34:000,525839.024429083,7501336.85261041
T440,13 Jun 2024 14:06:58:000,525736.404305955,7501435.41735056
T440,13 Jun 2024 14:07:23:000,525782.255269614,7501536.80960607
T440,13 Jun 2024 14:07:48:000,525765.334272601,7501662.90476584
T440,13 Jun 2024 14:08:13:000,525777.036556029,7501831.99950108
T440,13 Jun 2024 14:08:38:000,525768.829280849,7502047.2493984
T440,13 Jun 2024 14:09:03:000,525694.97083419,7502274.90756124
T441,13 Jun 2024 14:00:02:000,520594.906412609,7499727.36178354
T441,13 Jun 2024 14:00:28:000,520594.906412609,7499727.36178354
T441,13 Jun 2024 14:00:54:000,520683.401229308,7499724.16925819
T441,13 Jun 2024 14:01:20:000,520766.2646007,7499779.4051426
T441,13 Jun 2024 14:01:46:000,520783.414076438,7499794.75622584
T441,13 Jun 2024 14:02:11:000,520737.761675245,7499813.26617095
T441,13 Jun 2024 14:02:35:000,520737.761675245,7499813.26617095
T441,13 Jun 2024 14:03:00:000,520737.761675245,7499813.26617095
T441,13 Jun 2024 14:03:25:000,520737.761675245,7499813.26617095
T441,13 Jun 2024 14:03:50:000,520737.761675245,7499813.26617095
T441,13 Jun 2024 14:04:14:000,520737.761675245,7499813.26617095
T441,13 Jun 2024 14:04:39:000,520737.761675245,7499813.26617095
T441,13 Jun 2024 14:05:04:000,520737.761675245,7499813.26617095
T441,13 Jun 2024 14:05:29:000,520737.761675245,7499813.26617095
T441,13 Jun 2024 14:05:53:000,520737.761675245,7499813.26617095
T441,13 Jun 2024 14:06:18:000,520737.761675245,7499813.26617095
T441,13 Jun 2024 14:06:43:000,520737.761675245,7499813.26617095
T441,13 Jun 2024 14:07:08:000,520752.019322867,7499800.94786944
T441,13 Jun 2024 14:07:33:000,520743.331539832,7499708.71520004
T441,13 Jun 2024 14:07:58:000,520666.231455052,7499693.44404
T441,13 Jun 2024 14:08:23:000,520500.742573444,7499761.30938439
T441,13 Jun 2024 14:08:48:000,520389.501937794,7499835.25137349
T441,13 Jun 2024 14:09:13:000,520249.579457527,7499807.76129431
T45,13 Jun 2024 14:00:01:000,528605.153081247,7502623.40321947
T45,13 Jun 2024 14:00:27:000,528473.750663782,7502592.89767008
T45,13 Jun 2024 14:00:53:000,528379.507585155,7502583.84647631
T45,13 Jun 2024 14:01:18:000,528290.941544081,7502556.33550502
T45,13 Jun 2024 14:01:44:000,528245.05972154,7502448.80126048
T45,13 Jun 2024 14:02:09:000,528036.616440222,7502446.10568852
T45,13 Jun 2024 14:02:36:000,527799.586988282,7502425.0098658
T45,13 Jun 2024 14:03:01:000,527545.470183579,7502428.53923651
T45,13 Jun 2024 14:03:28:000,527228.601440883,7502469.07258744
T45,13 Jun 2024 14:03:53:000,526966.019670991,7502531.02848646
T45,13 Jun 2024 14:04:17:000,526700.532706765,7502565.31167771
T45,13 Jun 2024 14:04:42:000,526554.937136461,7502580.9362058
T45,13 Jun 2024 14:05:07:000,526554.937136461,7502580.9362058
T45,13 Jun 2024 14:05:32:000,526554.937136461,7502580.9362058
T45,13 Jun 2024 14:05:56:000,526554.937136461,7502580.9362058
T45,13 Jun 2024 14:06:21:000,526554.937136461,7502580.9362058
T45,13 Jun 2024 14:06:46:000,526474.998269764,7502587.22276828
T45,13 Jun 2024 14:07:11:000,526240.845045059,7502578.39714197
T45,13 Jun 2024 14:07:35:000,526020.948088308,7502557.24477663
T45,13 Jun 2024 14:08:00:000,525746.800537515,7502536.17958614
T45,13 Jun 2024 14:08:25:000,525695.266853865,7502453.24557488
T45,13 Jun 2024 14:08:50:000,525714.962888789,7502277.94916584
T45,13 Jun 2024 14:09:14:000,525780.321917907,7502090.27750209
T457,13 Jun 2024 14:00:17:000,524910.140307948,7502506.80030731
T457,13 Jun 2024 14:00:42:000,524930.132506727,7502509.84293437
T457,13 Jun 2024 14:01:07:000,524953.098953804,7502586.67596296
T457,13 Jun 2024 14:01:32:000,524950.258480741,7502595.90494211
T457,13 Jun 2024 14:01:58:000,524950.258480741,7502595.90494211
T457,13 Jun 2024 14:02:23:000,524950.258480741,7502595.90494211
T457,13 Jun 2024 14:02:48:000,524950.258480741,7502595.90494211
T457,13 Jun 2024 14:03:13:000,524973.155731211,7502629.69083819
T457,13 Jun 2024 14:03:39:000,524956.048444041,7502645.09242137
T457,13 Jun 2024 14:04:03:000,524953.203006894,7502651.24660795
T457,13 Jun 2024 14:04:29:000,524953.203006894,7502651.24660795
T457,13 Jun 2024 14:04:55:000,524961.72939821,7502626.63446134
T457,13 Jun 2024 14:05:20:000,524984.403465218,7502522.05466735
T457,13 Jun 2024 14:05:47:000,524793.017986423,7502473.16546059
T457,13 Jun 2024 14:06:12:000,524573.188007048,7502491.96464688
T457,13 Jun 2024 14:06:38:000,524607.30525848,7502399.66644303
T457,13 Jun 2024 14:07:03:000,524815.801376556,7502436.23135318
T457,13 Jun 2024 14:07:29:000,525175.680178033,7502503.29604084
T457,13 Jun 2024 14:07:54:000,525532.671312954,7502548.83344037
T457,13 Jun 2024 14:08:19:000,525661.16112179,7502548.62098919
T457,13 Jun 2024 14:08:43:000,525698.162999944,7502477.83917905
T457,13 Jun 2024 14:09:08:000,525712.128039041,7502290.25308317
T46,13 Jun 2024 14:00:11:000,527457.616950922,7501192.62392284
T46,13 Jun 2024 14:00:36:000,527114.926883594,7501147.10628535
T46,13 Jun 2024 14:01:01:000,526783.691050151,7501120.01000546
T46,13 Jun 2024 14:01:26:000,526583.820776533,7501111.13027779
T46,13 Jun 2024 14:01:50:000,526438.154850502,7501077.55697604
T46,13 Jun 2024 14:02:15:000,526329.709836773,7501105.41513614
T46,13 Jun 2024 14:02:40:000,526164.204706933,7501157.9675535
T46,13 Jun 2024 14:03:05:000,525987.391711211,7501278.18289731
T46,13 Jun 2024 14:03:29:000,525858.989604466,7501324.52004513
T46,13 Jun 2024 14:03:54:000,525750.65433793,7501420.01962478
T46,13 Jun 2024 14:04:19:000,525779.379644565,7501524.51517678
T46,13 Jun 2024 14:04:44:000,525765.303563331,7501644.45599115
T46,13 Jun 2024 14:05:08:000,525774.135281246,7501804.3310987
T46,13 Jun 2024 14:05:33:000,525774.503913224,7502025.71632972
T46,13 Jun 2024 14:05:58:000,525706.315355224,7502228.7666934
T46,13 Jun 2024 14:06:23:000,525675.279674608,7502453.27873809
T46,13 Jun 2024 14:06:47:000,525626.866632739,7502530.22899162
T46,13 Jun 2024 14:07:12:000,525415.557390612,7502521.35293454
T46,13 Jun 2024 14:07:37:000,525084.250144136,7502466.54681891
T46,13 Jun 2024 14:08:02:000,524747.219932117,7502402.51829028
T46,13 Jun 2024 14:08:27:000,524401.631523149,7502341.57064283
T46,13 Jun 2024 14:08:52:000,524067.466990885,7502280.59746222
T46,13 Jun 2024 14:09:16:000,523730.435730154,7502210.39698641
T489,13 Jun 2024 13:59:55:000,525934.989358206,7502379.05054974
T489,13 Jun 2024 14:00:21:000,525934.989358206,7502379.05054974
T489,13 Jun 2024 14:00:46:000,525934.989358206,7502379.05054974
T489,13 Jun 2024 14:01:12:000,525934.989358206,7502379.05054974
T489,13 Jun 2024 14:01:37:000,525934.989358206,7502379.05054974
T489,13 Jun 2024 14:02:03:000,525934.989358206,7502379.05054974
T489,13 Jun 2024 14:02:29:000,525915.00742328,7502382.15881871
T489,13 Jun 2024 14:02:55:000,525943.663476182,7502443.60685075
T489,13 Jun 2024 14:03:19:000,526123.636201658,7502495.5757751
T489,13 Jun 2024 14:03:45:000,526200.750642082,7502507.74463367
T489,13 Jun 2024 14:04:10:000,526232.237349882,7502553.81332227
T489,13 Jun 2024 14:04:36:000,526095.202238893,7502566.34417251
T489,13 Jun 2024 14:05:01:000,525920.996065476,7502548.18807603
T489,13 Jun 2024 14:05:27:000,525838.181258645,7502542.17692992
T489,13 Jun 2024 14:05:53:000,525669.696517356,7502530.15803107
T489,13 Jun 2024 14:06:20:000,525332.73287112,7502509.18947329
T489,13 Jun 2024 14:06:46:000,524984.28439596,7502448.25963359
T489,13 Jun 2024 14:07:12:000,524632.973624751,7502381.1768285
T489,13 Jun 2024 14:07:38:000,524281.675582471,7502320.23555875
T489,13 Jun 2024 14:08:03:000,524138.963969255,7502354.28143951
T489,13 Jun 2024 14:08:28:000,524090.663093613,7502508.09668237
T489,13 Jun 2024 14:08:53:000,524084.995478748,7502535.77870137
T489,13 Jun 2024 14:09:17:000,524050.712463902,7502523.53276613
T496,13 Jun 2024 14:00:12:000,527428.413495252,7502434.8968177
T496,13 Jun 2024 14:00:37:000,527154.395640188,7502487.65181283
T496,13 Jun 2024 14:01:02:000,526908.92384444,7502537.27748619
T496,13 Jun 2024 14:01:27:000,526623.45460243,7502574.66887982
T496,13 Jun 2024 14:01:51:000,526372.206159411,7502587.39826993
T496,13 Jun 2024 14:02:16:000,526178.017280415,7502572.35393074
T496,13 Jun 2024 14:02:41:000,525883.871646503,7502545.17539762
T496,13 Jun 2024 14:03:06:000,525701.079574792,7502514.73195336
T496,13 Jun 2024 14:03:30:000,525697.999660735,7502379.44579938
T496,13 Jun 2024 14:03:55:000,525740.517233824,7502191.81223019
T496,13 Jun 2024 14:04:20:000,525800.159998504,7502001.07516347
T496,13 Jun 2024 14:04:45:000,525791.163957274,7501742.80665648
T496,13 Jun 2024 14:05:10:000,525796.618089895,7501589.05735398
T496,13 Jun 2024 14:05:36:000,525759.316919534,7501478.42650591
T496,13 Jun 2024 14:06:01:000,525810.545178615,7501379.94740281
T496,13 Jun 2024 14:06:25:000,525933.206777799,7501315.17145178
T496,13 Jun 2024 14:06:50:000,526101.517624113,7501231.86875394
T496,13 Jun 2024 14:07:15:000,526321.186495476,7501130.02808753
T496,13 Jun 2024 14:07:40:000,526421.029769139,7501080.66103236
T496,13 Jun 2024 14:08:04:000,526318.0124351,7500942.47027651
T496,13 Jun 2024 14:08:30:000,526069.360658475,7500786.07598675
T496,13 Jun 2024 14:08:54:000,525740.928166639,7500722.05477184
T496,13 Jun 2024 14:09:20:000,525443.913289588,7500664.12452419
T498,13 Jun 2024 14:00:05:000,525788.139726265,7501641.3431574
T498,13 Jun 2024 14:00:30:000,525790.769457758,7501506.04737398
T498,13 Jun 2024 14:00:55:000,525779.190163705,7501410.74770921
T498,13 Jun 2024 14:01:22:000,525901.821267278,7501327.52323053
T498,13 Jun 2024 14:01:48:000,526070.158317018,7501259.59486431
T498,13 Jun 2024 14:02:13:000,526301.206266536,7501133.13686567
T498,13 Jun 2024 14:02:39:000,526432.481506374,7501099.09031441
T498,13 Jun 2024 14:03:06:000,526626.689029441,7501135.65502023
T498,13 Jun 2024 14:03:32:000,527000.740248994,7501156.5304157
T498,13 Jun 2024 14:03:56:000,527354.850494464,7501202.03041479
T498,13 Jun 2024 14:04:21:000,527663.281471999,7501247.60400056
T498,13 Jun 2024 14:04:46:000,527848.911966666,7501274.94414484
T498,13 Jun 2024 14:05:12:000,527971.992352027,7501446.91120487
T498,13 Jun 2024 14:05:36:000,528174.818216661,7501508.03916667
T498,13 Jun 2024 14:06:02:000,528349.020959213,7501529.24446222
T498,13 Jun 2024 14:06:27:000,528551.781306403,7501553.46988466
T498,13 Jun 2024 14:06:52:000,528754.422229366,7501513.1219124
T498,13 Jun 2024 14:07:18:000,528857.184207156,7501500.63124621
T498,13 Jun 2024 14:07:43:000,528991.433191986,7501531.12817807
T498,13 Jun 2024 14:08:08:000,529028.538471925,7501524.90894557
T498,13 Jun 2024 14:08:33:000,529028.538471925,7501524.90894557
T498,13 Jun 2024 14:08:58:000,529028.538471925,7501524.90894557
T498,13 Jun 2024 14:09:24:000,529025.689104893,7501527.98910167
T500,13 Jun 2024 13:59:58:000,518215.660807457,7501147.82120675
T500,13 Jun 2024 14:00:24:000,518215.660807457,7501147.82120675
T500,13 Jun 2024 14:00:49:000,518215.660807457,7501147.82120675
T500,13 Jun 2024 14:01:14:000,518215.660807457,7501147.82120675
T500,13 Jun 2024 14:01:39:000,518215.660807457,7501147.82120675
T500,13 Jun 2024 14:02:04:000,518215.660807457,7501147.82120675
T500,13 Jun 2024 14:02:29:000,518215.660807457,7501147.82120675
T500,13 Jun 2024 14:02:53:000,518215.660807457,7501147.82120675
T500,13 Jun 2024 14:03:18:000,518215.660807457,7501147.82120675
T500,13 Jun 2024 14:03:43:000,518215.660807457,7501147.82120675
T500,13 Jun 2024 14:04:07:000,518215.660807457,7501147.82120675
T500,13 Jun 2024 14:04:32:000,518215.660807457,7501147.82120675
T500,13 Jun 2024 14:04:58:000,518215.660807457,7501147.82120675
T500,13 Jun 2024 14:05:24:000,518215.660807457,7501147.82120675
T500,13 Jun 2024 14:05:49:000,518215.660807457,7501147.82120675
T500,13 Jun 2024 14:06:15:000,518215.660807457,7501147.82120675
T500,13 Jun 2024 14:06:41:000,518215.660807457,7501147.82120675
T500,13 Jun 2024 14:07:06:000,518215.660807457,7501147.82120675
T500,13 Jun 2024 14:07:32:000,518215.660807457,7501147.82120675
T500,13 Jun 2024 14:07:57:000,518215.660807457,7501147.82120675
T500,13 Jun 2024 14:08:23:000,518215.660807457,7501147.82120675
T500,13 Jun 2024 14:08:48:000,518215.660807457,7501147.82120675
T500,13 Jun 2024 14:09:13:000,518215.660807457,7501147.82120675
T502,13 Jun 2024 14:00:04:000,525680.8576734,7502373.32464309
T502,13 Jun 2024 14:00:29:000,525675.376570089,7502511.69980382
T502,13 Jun 2024 14:00:54:000,525801.097870509,7502563.76239241
T502,13 Jun 2024 14:01:18:000,525969.583087353,7502575.77984756
T502,13 Jun 2024 14:01:43:000,525978.149089874,7502575.76547361
T502,13 Jun 2024 14:02:08:000,525978.149089874,7502575.76547361
T502,13 Jun 2024 14:02:34:000,526120.94174324,7502590.89916598
T502,13 Jun 2024 14:02:59:000,526355.116028905,7502612.02579251
T502,13 Jun 2024 14:03:24:000,526623.491631075,7502596.19242677
T502,13 Jun 2024 14:03:49:000,526923.243279738,7502561.85099254
T502,13 Jun 2024 14:04:14:000,527117.260339571,7502478.49253444
T502,13 Jun 2024 14:04:39:000,527176.95733674,7502327.72247231
T502,13 Jun 2024 14:05:04:000,527310.955052383,7502213.71880582
T502,13 Jun 2024 14:05:30:000,527485.115415282,7502207.26076822
T502,13 Jun 2024 14:05:54:000,527584.961995171,7502157.88619591
T502,13 Jun 2024 14:06:19:000,527470.631607645,7502090.44395962
T502,13 Jun 2024 14:06:44:000,527513.126685565,7501902.80539211
T502,13 Jun 2024 14:07:09:000,527447.331398809,7501832.20176651
T502,13 Jun 2024 14:07:34:000,527307.432221006,7501835.52414927
T502,13 Jun 2024 14:07:59:000,527250.3607846,7501854.07360807
T502,13 Jun 2024 14:08:24:000,527250.3607846,7501854.07360807
T502,13 Jun 2024 14:08:48:000,527250.3607846,7501854.07360807
T502,13 Jun 2024 14:09:13:000,527250.3607846,7501854.07360807
T503,13 Jun 2024 14:00:05:000,524958.710504771,7502525.17090267
T503,13 Jun 2024 14:00:30:000,524961.585655942,7502537.46547176
T503,13 Jun 2024 14:00:56:000,524970.295428775,7502626.62065034
T503,13 Jun 2024 14:01:21:000,524978.876339514,7502635.83121226
T503,13 Jun 2024 14:01:45:000,524970.34005385,7502654.2937832
T503,13 Jun 2024 14:02:10:000,524970.34005385,7502654.2937832
T503,13 Jun 2024 14:02:35:000,524973.155731211,7502629.69083819
T503,13 Jun 2024 14:03:00:000,524984.453077358,7502552.80259628
T503,13 Jun 2024 14:03:24:000,524864.415671157,7502482.27538709
T503,13 Jun 2024 14:03:50:000,524610.312032706,7502494.98049809
T503,13 Jun 2024 14:04:15:000,524575.911582881,7502408.94069709
T503,13 Jun 2024 14:04:40:000,524721.546758855,7502417.93330226
T503,13 Jun 2024 14:05:05:000,525027.163748689,7502478.9383989
T503,13 Jun 2024 14:05:30:000,525358.476092224,7502536.82053989
T503,13 Jun 2024 14:05:55:000,525686.869287517,7502554.72795515
T503,13 Jun 2024 14:06:21:000,525952.451082298,7502575.80858109
T503,13 Jun 2024 14:06:46:000,525978.154250304,7502578.84026616
T503,13 Jun 2024 14:07:11:000,525978.154250304,7502578.84026616
T503,13 Jun 2024 14:07:36:000,525978.154250304,7502578.84026616
T503,13 Jun 2024 14:08:01:000,525978.154250304,7502578.84026616
T503,13 Jun 2024 14:08:26:000,525978.154250304,7502578.84026616
T503,13 Jun 2024 14:08:51:000,525978.154250304,7502578.84026616
T503,13 Jun 2024 14:09:15:000,526083.817180419,7502587.88697162
T504,13 Jun 2024 14:00:00:000,520355.235984585,7499829.14673855
T504,13 Jun 2024 14:00:25:000,520223.882081361,7499804.71999238
T504,13 Jun 2024 14:00:51:000,520178.260955052,7499847.82670332
T504,13 Jun 2024 14:01:18:000,520135.53429614,7499921.67761207
T504,13 Jun 2024 14:01:42:000,519921.397610041,7499903.50506476
T504,13 Jun 2024 14:02:07:000,519584.495836222,7499879.33524628
T504,13 Jun 2024 14:02:32:000,519344.655442021,7499851.96260705
T504,13 Jun 2024 14:02:56:000,519370.203143236,7499735.08800087
T504,13 Jun 2024 14:03:21:000,519441.215263904,7499449.04191279
T504,13 Jun 2024 14:03:46:000,519295.252329952,7499150.9672737
T504,13 Jun 2024 14:04:11:000,519061.031361645,7499040.56325866
T504,13 Jun 2024 14:04:35:000,518746.87598926,7498924.10267914
T504,13 Jun 2024 14:05:00:000,518427.008833394,7498801.49278273
T504,13 Jun 2024 14:05:25:000,518115.71062199,7498678.86619863
T504,13 Jun 2024 14:05:51:000,517973.012158519,7498706.70515325
T504,13 Jun 2024 14:06:16:000,517913.125482479,7498759.04609627
T504,13 Jun 2024 14:06:41:000,517830.306122683,7498728.39315937
T504,13 Jun 2024 14:07:07:000,517747.490603398,7498700.81458218
T504,13 Jun 2024 14:07:32:000,517621.870195284,7498685.58337342
T504,13 Jun 2024 14:07:57:000,517402.02389962,7498648.93314353
T504,13 Jun 2024 14:08:22:000,517287.846580742,7498655.21008263
T504,13 Jun 2024 14:08:49:000,517208.023071387,7498750.61780612
T504,13 Jun 2024 14:09:15:000,517188.146020197,7498845.95899253
T505,13 Jun 2024 13:59:56:000,525109.985583544,7500729.24073313
T505,13 Jun 2024 14:00:22:000,525130.255011256,7500904.47183747
T505,13 Jun 2024 14:00:47:000,525030.398808272,7500947.68089432
T505,13 Jun 2024 14:01:12:000,524922.006622459,7501009.35187669
T505,13 Jun 2024 14:01:37:000,524790.75836556,7501061.83427997
T505,13 Jun 2024 14:02:01:000,524650.846127563,7501052.83323354
T505,13 Jun 2024 14:02:26:000,524516.624681829,7501031.5226779
T505,13 Jun 2024 14:02:51:000,524362.43766253,7501022.54159212
T505,13 Jun 2024 14:03:16:000,524353.858022254,7501013.33066888
T505,13 Jun 2024 14:03:41:000,524336.698772613,7500994.90880773
T505,13 Jun 2024 14:04:06:000,524336.698772613,7500994.90880773
T505,13 Jun 2024 14:04:30:000,524342.413684862,7500997.97463191
T505,13 Jun 2024 14:04:55:000,524385.263495553,7501013.28124932
T505,13 Jun 2024 14:05:20:000,524545.209262109,7501053.00103767
T505,13 Jun 2024 14:05:45:000,524730.831737198,7501080.37894498
T505,13 Jun 2024 14:06:09:000,524942.011732083,7501021.61888708
T505,13 Jun 2024 14:06:34:000,525113.194702506,7500947.5468124
T505,13 Jun 2024 14:06:59:000,525141.465377231,7500775.3117492
T505,13 Jun 2024 14:07:24:000,525146.950616884,7500636.93651181
T505,13 Jun 2024 14:07:48:000,525315.434247981,7500661.26036555
T505,13 Jun 2024 14:08:13:000,525581.033542954,7500713.09543999
T505,13 Jun 2024 14:08:38:000,525875.184613669,7500764.87820349
T505,13 Jun 2024 14:09:03:000,526200.826053572,7500865.79895504
T56,13 Jun 2024 14:00:09:000,517705.949280874,7499823.16817027
T56,13 Jun 2024 14:00:33:000,517708.804103424,7499823.16491921
T56,13 Jun 2024 14:00:59:000,517708.804103424,7499823.16491921
T56,13 Jun 2024 14:01:23:000,517708.804103424,7499823.16491921
T56,13 Jun 2024 14:01:49:000,517708.804103424,7499823.16491921
T56,13 Jun 2024 14:02:15:000,517708.804103424,7499823.16491921
T56,13 Jun 2024 14:02:40:000,517708.804103424,7499823.16491921
T56,13 Jun 2024 14:03:05:000,517708.804103424,7499823.16491921
T56,13 Jun 2024 14:03:30:000,517708.804103424,7499823.16491921
T56,13 Jun 2024 14:03:56:000,517708.804103424,7499823.16491921
T56,13 Jun 2024 14:04:21:000,517708.804103424,7499823.16491921
T56,13 Jun 2024 14:04:46:000,517708.804103424,7499823.16491921
T56,13 Jun 2024 14:05:11:000,517708.804103424,7499823.16491921
T56,13 Jun 2024 14:05:36:000,517708.804103424,7499823.16491921
T56,13 Jun 2024 14:06:02:000,517708.804103424,7499823.16491921
T56,13 Jun 2024 14:06:27:000,517708.804103424,7499823.16491921
T56,13 Jun 2024 14:06:53:000,517708.804103424,7499823.16491921
T56,13 Jun 2024 14:07:18:000,517708.804103424,7499823.16491921
T56,13 Jun 2024 14:07:43:000,517708.804103424,7499823.16491921
T56,13 Jun 2024 14:08:08:000,517708.804103424,7499823.16491921
T56,13 Jun 2024 14:08:33:000,517708.804103424,7499823.16491921
T56,13 Jun 2024 14:08:58:000,517708.804103424,7499823.16491921
T56,13 Jun 2024 14:09:22:000,517708.804103424,7499823.16491921
T57,13 Jun 2024 14:00:19:000,527335.97875389,7501832.39892989
T57,13 Jun 2024 14:00:44:000,527333.123557862,7501832.40397472
T57,13 Jun 2024 14:01:08:000,527293.177936147,7501847.8485212
T57,13 Jun 2024 14:01:33:000,527250.3607846,7501854.07360807
T57,13 Jun 2024 14:01:58:000,527250.3607846,7501854.07360807
T57,13 Jun 2024 14:02:24:000,527250.3607846,7501854.07360807
T57,13 Jun 2024 14:02:48:000,527250.3607846,7501854.07360807
T57,13 Jun 2024 14:03:14:000,527250.3607846,7501854.07360807
T57,13 Jun 2024 14:03:40:000,527250.3607846,7501854.07360807
T57,13 Jun 2024 14:04:05:000,527250.3607846,7501854.07360807
T57,13 Jun 2024 14:04:30:000,527250.3607846,7501854.07360807
T57,13 Jun 2024 14:04:54:000,527250.3607846,7501854.07360807
T57,13 Jun 2024 14:05:19:000,527261.797839478,7501863.27787179
T57,13 Jun 2024 14:05:44:000,527264.739742048,7501912.46955637
T57,13 Jun 2024 14:06:10:000,527247.635553293,7501927.87371094
T57,13 Jun 2024 14:06:34:000,527247.635553293,7501927.87371094
T57,13 Jun 2024 14:07:01:000,527247.635553293,7501927.87371094
T57,13 Jun 2024 14:07:26:000,527247.635553293,7501927.87371094
T57,13 Jun 2024 14:07:50:000,527247.635553293,7501927.87371094
T57,13 Jun 2024 14:08:16:000,527247.635553293,7501927.87371094
T57,13 Jun 2024 14:08:40:000,527247.635553293,7501927.87371094
T57,13 Jun 2024 14:09:06:000,527247.635553293,7501927.87371094
T58,13 Jun 2024 14:00:07:000,517816.882149523,7499469.43827136
T58,13 Jun 2024 14:00:32:000,517973.950638603,7499518.45444978
T58,13 Jun 2024 14:00:56:000,518059.640046135,7499558.32767507
T58,13 Jun 2024 14:01:22:000,518105.405950194,7499635.14469569
T58,13 Jun 2024 14:01:47:000,518159.747495121,7499721.17598551
T58,13 Jun 2024 14:02:12:000,518205.539598389,7499819.51632843
T58,13 Jun 2024 14:02:39:000,518313.961223633,7499767.11718473
T58,13 Jun 2024 14:03:05:000,518402.434902755,7499745.48900418
T58,13 Jun 2024 14:03:29:000,518488.104743786,7499766.91098513
T58,13 Jun 2024 14:03:54:000,518579.440335909,7499751.42799657
T58,13 Jun 2024 14:04:19:000,518705.03341381,7499735.90325814
T58,13 Jun 2024 14:04:44:000,518793.651423506,7499834.190219
T58,13 Jun 2024 14:05:09:000,518739.613746602,7500003.36999576
T58,13 Jun 2024 14:05:35:000,518582.828350787,7500197.27124392
T58,13 Jun 2024 14:05:59:000,518351.796328163,7500378.95947581
T58,13 Jun 2024 14:06:25:000,518246.348173075,7500535.89881119
T58,13 Jun 2024 14:06:49:000,518095.014070496,7500517.62689119
T58,13 Jun 2024 14:07:14:000,517958.040318486,7500573.13226446
T58,13 Jun 2024 14:07:39:000,517855.180455602,7500502.53017977
T58,13 Jun 2024 14:08:04:000,517732.340494703,7500435.0250052
T58,13 Jun 2024 14:08:29:000,517715.361518027,7500567.26107406
T58,13 Jun 2024 14:08:54:000,517841.043323802,7500622.46388526
T58,13 Jun 2024 14:09:18:000,517958.299621716,7500797.59284789
T611,13 Jun 2024 14:00:12:000,527264.739742048,7501912.46955637
T611,13 Jun 2024 14:00:37:000,527350.287349976,7501850.82246719
T611,13 Jun 2024 14:01:02:000,527484.492650283,7501856.73422477
T611,13 Jun 2024 14:01:26:000,527487.484437452,7501933.59901959
T611,13 Jun 2024 14:01:51:000,527444.907136486,7502075.11559876
T611,13 Jun 2024 14:02:16:000,527550.682486735,7502148.72287279
T611,13 Jun 2024 14:02:41:000,527482.227376025,7502188.81707873
T611,13 Jun 2024 14:03:05:000,527402.252796663,7502173.58492454
T611,13 Jun 2024 14:03:30:000,527313.76689182,7502189.11541585
T611,13 Jun 2024 14:03:55:000,527248.182499829,7502238.42791352
T611,13 Jun 2024 14:04:20:000,527191.168932259,7502290.79986911
T611,13 Jun 2024 14:04:45:000,527102.865265765,7502410.87210618
T611,13 Jun 2024 14:05:10:000,527028.820730279,7502521.69450706
T611,13 Jun 2024 14:05:34:000,526817.574689434,7502549.73527743
T611,13 Jun 2024 14:06:00:000,526606.327884295,7502577.77313625
T611,13 Jun 2024 14:06:25:000,526597.76188032,7502577.78786106
T611,13 Jun 2024 14:06:50:000,526566.358477405,7502580.91660355
T611,13 Jun 2024 14:07:15:000,526469.29285587,7502590.30732888
T611,13 Jun 2024 14:07:40:000,526257.982269821,7502581.44287876
T611,13 Jun 2024 14:08:05:000,526023.808588635,7502560.31476889
T611,13 Jun 2024 14:08:29:000,525766.79294296,7502539.22112252
T611,13 Jun 2024 14:08:54:000,525706.82085665,7502533.17122793
T611,13 Jun 2024 14:09:19:000,525506.937889219,7502527.35225201
T922,13 Jun 2024 14:00:04:000,522563.911499741,7501129.80875486
T922,13 Jun 2024 14:00:29:000,522586.765460222,7501138.99988277
T922,13 Jun 2024 14:00:54:000,522680.996152583,7501148.08668941
T922,13 Jun 2024 14:01:19:000,522800.89544343,7501138.68634368
T922,13 Jun 2024 14:01:43:000,522915.057178999,7501110.84471395
T922,13 Jun 2024 14:02:08:000,523063.437984873,7501055.27809204
T922,13 Jun 2024 14:02:33:000,523143.342668585,7501030.56051241
T922,13 Jun 2024 14:02:58:000,523177.745803216,7501125.82805559
T922,13 Jun 2024 14:03:23:000,523052.246488815,7501209.03500157
T922,13 Jun 2024 14:03:48:000,522909.487967366,7501206.17190324
T922,13 Jun 2024 14:04:12:000,522812.623479814,7501347.7558036
T922,13 Jun 2024 14:04:37:000,522692.893636176,7501473.99854376
T922,13 Jun 2024 14:05:02:000,522487.426952454,7501545.01848854
T922,13 Jun 2024 14:05:27:000,522396.151253163,7501606.64670457
T922,13 Jun 2024 14:05:51:000,522313.37392741,7501622.14009397
T922,13 Jun 2024 14:06:17:000,522230.596434696,7501637.63303623
T922,13 Jun 2024 14:06:41:000,522144.968004785,7501656.2044068
T922,13 Jun 2024 14:07:06:000,522050.760749246,7501665.56309304
T922,13 Jun 2024 14:07:31:000,522030.949363543,7501788.58337231
T922,13 Jun 2024 14:07:56:000,522196.479800293,7501739.15042154
T922,13 Jun 2024 14:08:22:000,522330.814917049,7501837.35118372
T922,13 Jun 2024 14:08:47:000,522490.830842385,7501923.21431036
T922,13 Jun 2024 14:09:12:000,522513.511768298,7501812.48849564
T937,13 Jun 2024 14:00:07:000,523878.985394358,7502259.36554679
T937,13 Jun 2024 14:00:33:000,524178.890070134,7502323.47115377
T937,13 Jun 2024 14:00:58:000,524393.094708231,7502360.03289838
T937,13 Jun 2024 14:01:24:000,524555.895210006,7502390.52364056
T937,13 Jun 2024 14:01:48:000,524818.656684618,7502436.2267772
T937,13 Jun 2024 14:02:14:000,525181.390819191,7502503.28675434
T937,13 Jun 2024 14:02:38:000,525555.513945714,7502548.79574995
T937,13 Jun 2024 14:03:04:000,525863.925447523,7502569.80714766
T937,13 Jun 2024 14:03:28:000,526092.383189756,7502587.87253387
T937,13 Jun 2024 14:03:54:000,526329.417959999,7502612.06953159
T937,13 Jun 2024 14:04:19:000,526640.623659615,7502596.16294364
T937,13 Jun 2024 14:04:44:000,526937.51993854,7502561.82614551
T937,13 Jun 2024 14:05:09:000,527282.868683661,7502478.20139563
T937,13 Jun 2024 14:05:34:000,527611.169686247,7502443.79612902
T937,13 Jun 2024 14:05:59:000,527956.695532116,7502461.6243551
T937,13 Jun 2024 14:06:23:000,528219.395581095,7502467.2969232
T937,13 Jun 2024 14:06:49:000,528276.6986162,7502574.81036609
T937,13 Jun 2024 14:07:13:000,528339.555413034,7502596.21894207
T937,13 Jun 2024 14:07:39:000,528416.660852324,7502602.22707533
T937,13 Jun 2024 14:08:04:000,528539.463154547,7502614.3001699
T937,13 Jun 2024 14:08:28:000,528556.759849264,7502703.43751521
T937,13 Jun 2024 14:08:53:000,528548.369716784,7502798.77187217
T937,13 Jun 2024 14:09:18:000,528622.666405645,7502829.38257266
T938,13 Jun 2024 14:00:19:000,520589.127443997,7499675.09768697
T938,13 Jun 2024 14:00:52:000,520589.127443997,7499675.09768697
T938,13 Jun 2024 14:01:25:000,520589.127443997,7499675.09768697
T938,13 Jun 2024 14:01:59:000,520589.127443997,7499675.09768697
T938,13 Jun 2024 14:02:32:000,520589.127443997,7499675.09768697
T938,13 Jun 2024 14:03:05:000,520589.127443997,7499675.09768697
T938,13 Jun 2024 14:03:38:000,520589.127443997,7499675.09768697
T938,13 Jun 2024 14:04:11:000,520589.127443997,7499675.09768697
T938,13 Jun 2024 14:04:44:000,520589.127443997,7499675.09768697
T938,13 Jun 2024 14:05:17:000,520589.127443997,7499675.09768697
T938,13 Jun 2024 14:05:50:000,520589.127443997,7499675.09768697
T938,13 Jun 2024 14:06:23:000,520589.127443997,7499675.09768697
T938,13 Jun 2024 14:06:56:000,520589.127443997,7499675.09768697
T938,13 Jun 2024 14:07:29:000,520589.127443997,7499675.09768697
T938,13 Jun 2024 14:08:02:000,520589.127443997,7499675.09768697
T938,13 Jun 2024 14:08:35:000,520589.127443997,7499675.09768697
T938,13 Jun 2024 14:09:08:000,520589.127443997,7499675.09768697
T939,13 Jun 2024 14:00:10:000,528660.248300263,7501537.89519979
T939,13 Jun 2024 14:00:35:000,528660.248300263,7501537.89519979
T939,13 Jun 2024 14:01:00:000,528660.248300263,7501537.89519979
T939,13 Jun 2024 14:01:25:000,528723.03285712,7501522.40467127
T939,13 Jun 2024 14:01:49:000,528825.77772545,7501500.68982777
T939,13 Jun 2024 14:02:14:000,528828.63286015,7501500.68450483
T939,13 Jun 2024 14:02:39:000,528828.63286015,7501500.68450483
T939,13 Jun 2024 14:03:04:000,528828.63286015,7501500.68450483
T939,13 Jun 2024 14:03:29:000,528828.63286015,7501500.68450483
T939,13 Jun 2024 14:03:54:000,528828.63286015,7501500.68450483
T939,13 Jun 2024 14:04:20:000,528828.63286015,7501500.68450483
T939,13 Jun 2024 14:04:44:000,528834.343129552,7501500.67385736
T939,13 Jun 2024 14:05:09:000,528945.739432683,7501525.06417438
T939,13 Jun 2024 14:05:34:000,529028.538471925,7501524.90894557
T939,13 Jun 2024 14:05:59:000,529028.538471925,7501524.90894557
T939,13 Jun 2024 14:06:24:000,529028.538471925,7501524.90894557
T939,13 Jun 2024 14:06:49:000,529025.689104893,7501527.98910167
T939,13 Jun 2024 14:07:13:000,528997.091574074,7501503.44430625
T939,13 Jun 2024 14:07:39:000,529002.784541577,7501494.20920793
T939,13 Jun 2024 14:08:03:000,529002.784541577,7501494.20920793
T939,13 Jun 2024 14:08:28:000,529002.784541577,7501494.20920793
T939,13 Jun 2024 14:08:54:000,529002.784541577,7501494.20920793
T939,13 Jun 2024 14:09:20:000,528979.97228862,7501509.62601617
T940,13 Jun 2024 14:00:12:000,528253.687438739,7502482.60833514
T940,13 Jun 2024 14:00:37:000,528322.423381772,7502596.25032304
T940,13 Jun 2024 14:01:02:000,528496.62735957,7502611.30435246
T940,13 Jun 2024 14:01:27:000,528573.85223539,7502681.88232933
T940,13 Jun 2024 14:01:52:000,528539.775218532,7502783.41372364
T940,13 Jun 2024 14:02:17:000,528614.111636955,7502835.54800627
T940,13 Jun 2024 14:02:42:000,528622.620882067,7502804.78424084
T940,13 Jun 2024 14:03:07:000,528665.497136338,7502829.30324705
T940,13 Jun 2024 14:03:32:000,528665.497136338,7502829.30324705
T940,13 Jun 2024 14:03:58:000,528665.497136338,7502829.30324705
T940,13 Jun 2024 14:04:24:000,528665.497136338,7502829.30324705
T940,13 Jun 2024 14:04:49:000,528665.497136338,7502829.30324705
T940,13 Jun 2024 14:05:14:000,528665.497136338,7502829.30324705
T940,13 Jun 2024 14:05:39:000,528591.245834843,7502823.29108586
T940,13 Jun 2024 14:06:03:000,528568.226720442,7502728.01475694
T940,13 Jun 2024 14:06:28:000,528593.708967286,7502611.12517134
T940,13 Jun 2024 14:06:53:000,528513.731064125,7502595.89881584
T940,13 Jun 2024 14:07:18:000,528428.059604664,7502589.90691766
T940,13 Jun 2024 14:07:42:000,528345.232280099,7502577.75972383
T940,13 Jun 2024 14:08:07:000,528288.074965845,7502550.19114269
T940,13 Jun 2024 14:08:32:000,528250.770343674,7502448.790831
T940,13 Jun 2024 14:08:57:000,528059.46450203,7502449.13906107
T940,13 Jun 2024 14:09:22:000,527830.995359812,7502424.95338962
T968,13 Jun 2024 14:00:18:000,525138.585414023,7500759.94239057
T968,13 Jun 2024 14:00:44:000,525158.36051489,7500630.76835851
T968,13 Jun 2024 14:01:10:000,525349.704048661,7500667.35389861
T968,13 Jun 2024 14:01:36:000,525586.743517352,7500713.0860021
T968,13 Jun 2024 14:02:02:000,525903.750021781,7500774.05484123
T968,13 Jun 2024 14:02:29:000,526240.85362787,7500899.55401082
T968,13 Jun 2024 14:02:56:000,526412.459353386,7501077.60085685
T968,13 Jun 2024 14:03:22:000,526595.283302397,7501135.70903269
T968,13 Jun 2024 14:03:47:000,526915.082797895,7501153.60486373
T968,13 Jun 2024 14:04:12:000,527252.040580429,7501186.83784031
T968,13 Jun 2024 14:04:37:000,527543.334959106,7501229.36921075
T968,13 Jun 2024 14:05:02:000,527757.52142151,7501259.73439345
T968,13 Jun 2024 14:05:27:000,527928.954495433,7501330.14633548
T968,13 Jun 2024 14:05:52:000,528043.448515827,7501489.82909323
T968,13 Jun 2024 14:06:16:000,528251.923735821,7501517.12292237
T968,13 Jun 2024 14:06:41:000,528426.132343272,7501541.40213771
T968,13 Jun 2024 14:07:07:000,528640.273699123,7501544.08182133
T968,13 Jun 2024 14:07:31:000,528802.94237544,7501503.80718815
T968,13 Jun 2024 14:07:56:000,528828.63286015,7501500.68450483
T968,13 Jun 2024 14:08:21:000,528828.63286015,7501500.68450483
T968,13 Jun 2024 14:08:46:000,528828.63286015,7501500.68450483
T968,13 Jun 2024 14:09:10:000,528828.63286015,7501500.68450483
T982,13 Jun 2024 14:00:09:000,522958.994581853,7501861.03182964
T982,13 Jun 2024 14:00:34:000,522876.148367442,7501830.40631562
T982,13 Jun 2024 14:01:00:000,522876.148367442,7501830.40631562
T982,13 Jun 2024 14:01:25:000,522876.148367442,7501830.40631562
T982,13 Jun 2024 14:01:51:000,522876.148367442,7501830.40631562
T982,13 Jun 2024 14:02:16:000,522876.148367442,7501830.40631562
T982,13 Jun 2024 14:02:41:000,522847.600947947,7501833.52323029
T982,13 Jun 2024 14:03:08:000,522762.003777921,7501873.62161458
T982,13 Jun 2024 14:03:34:000,522744.831947069,7501845.97360133
T982,13 Jun 2024 14:03:59:000,522739.117039579,7501842.90718444
T982,13 Jun 2024 14:04:26:000,522739.121550773,7501845.98198042
T982,13 Jun 2024 14:04:51:000,522781.981161398,7501867.44265689
T982,13 Jun 2024 14:05:16:000,522899.021732153,7501851.89615389
T982,13 Jun 2024 14:05:41:000,522930.565410631,7501944.09358674
T982,13 Jun 2024 14:06:05:000,522862.108253918,7501990.3167583
T982,13 Jun 2024 14:06:30:000,522605.066249425,7501941.49694826
T982,13 Jun 2024 14:06:55:000,522362.235386165,7501846.5302973
T982,13 Jun 2024 14:07:20:000,522222.141144716,7501714.51523582
T982,13 Jun 2024 14:07:44:000,522048.05862566,7501773.18503766
T982,13 Jun 2024 14:08:09:000,522042.234598448,7501693.24844448
T982,13 Jun 2024 14:08:34:000,522199.220501908,7501659.20161926
T982,13 Jun 2024 14:08:59:000,522367.630774158,7501628.21150749
T982,13 Jun 2024 14:09:24:000,522518.811180322,7501529.59890754
T983,13 Jun 2024 14:00:07:000,526649.147314208,7502571.54985552
T983,13 Jun 2024 14:00:32:000,526540.665733477,7502584.0354891
T983,13 Jun 2024 14:00:58:000,526355.068904979,7502584.35266076
T983,13 Jun 2024 14:01:22:000,526152.319278266,7502572.39737314
T983,13 Jun 2024 14:01:48:000,525901.003617276,7502545.14674067
T983,13 Jun 2024 14:02:13:000,525703.965530449,7502533.17596927
T983,13 Jun 2024 14:02:37:000,525415.557390612,7502521.35293454
T983,13 Jun 2024 14:03:03:000,525164.218917431,7502478.71626335
T983,13 Jun 2024 14:03:30:000,524887.17419437,7502429.96720762
T983,13 Jun 2024 14:03:54:000,524627.263029154,7502381.18591079
T983,13 Jun 2024 14:04:19:000,524541.701544611,7502442.8177587
T983,13 Jun 2024 14:04:44:000,524613.196672456,7502513.42471897
T983,13 Jun 2024 14:05:10:000,524838.742481497,7502497.69059389
T983,13 Jun 2024 14:05:35:000,524887.292796515,7502503.76224346
T983,13 Jun 2024 14:06:01:000,524901.574344323,7502506.81408474
T983,13 Jun 2024 14:06:27:000,524921.566541397,7502509.85672297
T983,13 Jun 2024 14:06:51:000,524961.580699308,7502534.39067886
T983,13 Jun 2024 14:07:18:000,524961.59556921,7502543.61505754
T983,13 Jun 2024 14:07:44:000,524961.59556921,7502543.61505754
T983,13 Jun 2024 14:08:09:000,524961.59556921,7502543.61505754
T983,13 Jun 2024 14:08:36:000,524961.59556921,7502543.61505754
T983,13 Jun 2024 14:09:02:000,524958.765021445,7502558.99362438
T992,13 Jun 2024 14:00:21:000,522394.268878962,7502280.03110352
T992,13 Jun 2024 14:00:54:000,522394.268878962,7502280.03110352
T992,13 Jun 2024 14:01:27:000,522394.268878962,7502280.03110352
T992,13 Jun 2024 14:01:58:000,522394.268878962,7502280.03110352
T992,13 Jun 2024 14:02:24:000,522394.268878962,7502280.03110352
T992,13 Jun 2024 14:02:52:000,522394.268878962,7502280.03110352
T992,13 Jun 2024 14:03:19:000,522394.268878962,7502280.03110352
T992,13 Jun 2024 14:03:47:000,522394.268878962,7502280.03110352
T992,13 Jun 2024 14:04:14:000,522388.536116931,7502264.66537893
T992,13 Jun 2024 14:04:42:000,522334.214991207,7502215.54691809
T992,13 Jun 2024 14:05:09:000,522279.964917898,7502215.62498129
T992,13 Jun 2024 14:05:37:000,522268.353929837,7502083.42520146
T992,13 Jun 2024 14:06:04:000,522239.655942541,7501981.99793615
T992,13 Jun 2024 14:06:31:000,522328.021722775,7501880.40244169
T992,13 Jun 2024 14:06:58:000,522479.436746715,7501941.67965186
T992,13 Jun 2024 14:07:26:000,522767.890344635,7501993.53025773
T992,13 Jun 2024 14:07:53:000,523033.490306182,7502036.18501511
T992,13 Jun 2024 14:08:20:000,523416.282117355,7502161.67815593
T992,13 Jun 2024 14:08:48:000,523824.716252309,7502247.14989853
T992,13 Jun 2024 14:09:15:000,524093.202763144,7502305.15586503
T993,13 Jun 2024 14:00:08:000,526081.521672955,7501225.75285364
T993,13 Jun 2024 14:00:33:000,525927.465673501,7501296.73223688
T993,13 Jun 2024 14:00:57:000,525804.804198052,7501361.5081434
T993,13 Jun 2024 14:01:22:000,525730.755398838,7501472.32440175
T993,13 Jun 2024 14:01:48:000,525776.601313969,7501570.64187394
T993,13 Jun 2024 14:02:12:000,525765.4110457,7501709.02670086
T993,13 Jun 2024 14:02:37:000,525782.864744447,7501902.71027635
T993,13 Jun 2024 14:03:02:000,525746.09990598,7502114.93288186
T993,13 Jun 2024 14:03:27:000,525683.667056355,7502345.64676583
T993,13 Jun 2024 14:03:51:000,525669.665925687,7502511.70927426
T993,13 Jun 2024 14:04:16:000,525544.0571154,7502527.29105004
T993,13 Jun 2024 14:04:41:000,525252.758788357,7502493.94611487
T993,13 Jun 2024 14:05:06:000,524912.876903359,7502433.00067833
T993,13 Jun 2024 14:05:31:000,524575.853030572,7502372.04317506
T993,13 Jun 2024 14:05:56:000,524238.831850454,7502311.07826141
T993,13 Jun 2024 14:06:21:000,523936.076642676,7502250.05303223
T993,13 Jun 2024 14:06:46:000,523667.596392042,7502195.11910547
T993,13 Jun 2024 14:07:10:000,523416.254235871,7502143.22938789
T993,13 Jun 2024 14:07:35:000,523176.320964851,7502082.09408457
T993,13 Jun 2024 14:08:00:000,522962.059352523,7502002.46819678
T993,13 Jun 2024 14:08:25:000,522956.235029956,7501925.60676966
T993,13 Jun 2024 14:08:50:000,522933.261372309,7501836.4715106
T993,13 Jun 2024 14:09:16:000,522876.148367442,7501830.40631562
